manufacturer_hq,vaccines_to_world,vaccines_to_africa,share_of_production_to_africa,share_of_global_vaccine_supply,africa,non_africa
Africa,20656240,20631900,0.9988216635747842,0.1620663729019552,0.1620663729019552,0
Asia,5435478993.140962,940754219.9539504,0.17307659934682657,42.64611397830036,0,42.64611397830036
North America,4496010160.8627825,221209081.3333333,0.04920119693210021,35.27515459257674,0,35.27515459257674
Europe,2506318992.493167,636322499.7696421,0.2538872751934337,19.664277160250375,0,19.664277160250375
South America,173179300.2762179,2953804.71395062,0.017056338195381052,1.35874394650068,0,1.35874394650068
Oceania,113899778,0,0,0.8936439494698897,0,0.8936439494698897
